CHR,POS,SNP,iHS,XP-EHH KWT vs CEU,XP-EHH KWT vs YRI,XP-EHH KWT vs CHB,PBS KWT vs CEU,PBS KWT vs YRI,PBS KWT vs CHB,LLRS
8,9310266,rs17675053,-0.378239,1.13932,-1.19464,-1.96975,-0.063233721,-0.047645695,-0.047645695,0.075603494
8,9310511,rs17150066,0.437028,1.18768,-1.19603,-1.95226,-0.049081603,-0.051883392,-0.051883392,0.377320736
8,9313017,rs6995907,-1.65454,0.764639,-1.01643,-2.18572,-0.016684114,-0.056780898,-0.056780898,0
8,9314784,rs10503382,-0.0649504,0.664253,-0.996365,-2.26789,-0.023946055,-0.120807054,-0.120807054,0.302450505
8,9315518,rs4841154,1.91282,0.676035,-1.11601,-2.25733,0.051279608,0.169271767,0.169271767,1.199831271
8,9315807,rs17150086,-1.54718,0.737064,-1.09749,-2.23573,-0.019586589,-0.065351557,-0.065351557,0
8,9321780,rs10100706,-2.84873,0.835006,-1.45266,-2.34644,-0.008025238,0.216963802,0.216963802,0.678976161
8,9323515,rs10105543,-1.40192,0.755961,-1.29701,-2.38259,-0.007783498,-0.039441282,-0.039441282,0
8,9328926,rs7007562,-1.46447,0.800209,-1.33782,-2.39,-0.009251022,-0.044224423,-0.044224423,0
8,9331557,rs11783183,-1.10167,0.808728,-1.36697,-2.29641,0.007613638,-0.012944978,-0.012944978,0.74920944
8,9335968,rs6999852,-2.59802,0.858717,-1.47748,-2.33621,0.005223185,0.175873324,0.175873324,0
8,9336065,rs17150106,-0.267056,0.845534,-1.38024,-2.37677,0.02835402,0.01171678,0.01171678,0
8,9336714,rs7819054,-1.29175,1.0493,-1.32037,-2.07679,0.001060188,-0.024355355,-0.024355355,0.007399012
8,9340932,rs6994287,-1.2577,1.08214,-1.04807,-1.62812,0.007892359,-0.025819393,-0.025819393,0
8,9343978,rs11249925,-0.889696,0.589725,-1.05712,-1.44839,0.004876274,-0.017719027,-0.017719027,0.012883758
8,9351983,rs6990812,-0.496542,0.622968,-0.938875,-1.30031,0.007336443,0.005491056,0.005491056,0
8,9357874,rs4841161,-0.553625,0.665327,-0.968282,-1.18431,0.006531279,0.01701744,0.01701744,0.0074322
8,9365967,rs7829843,-1.89347,0.543049,-1.24006,-1.45877,0.003015838,0.131667508,0.131667508,0.464621349
8,9366203,rs7831172,-0.785655,0.539396,-1.0829,-1.44307,-0.00546246,-0.005035844,-0.005035844,0
8,9367866,rs4841165,1.01172,1.43363,-0.259633,-0.451511,-0.008444794,-0.013181759,-0.013181759,0.155656347
8,9370559,rs10100760,-2.24707,1.55854,-0.0581072,-0.481286,0.003258823,-0.097008383,-0.097008383,0
8,9374506,rs10503381,-1.43374,1.19436,0.661654,0.282966,0.026536995,-0.024451517,-0.024451517,0
8,9375944,rs17733293,-1.90525,1.21394,0.61108,0.345473,0.029699222,-0.008686208,-0.008686208,0
8,9376657,rs6601324,2.11536,1.20638,0.584784,0.444943,0.013412563,-0.025087416,-0.025087416,0
8,9380132,rs7830939,2.36879,1.18631,0.25763,0.54833,-0.002238983,-0.002083316,-0.002083316,0.511164773
8,9384159,rs11249929,2.18067,1.2779,-0.361773,0.556779,-0.000973279,-0.000690574,-0.000690574,1.622141497
8,9386210,rs7013746,2.20376,1.36919,-0.389068,0.57851,0.00105699,0.000735573,0.000735573,0
8,9388022,rs2100700,1.48663,1.22695,-0.325352,1.0509,-0.000740266,0.005361505,0.005361505,0
8,9389929,rs7016636,1.27138,1.20144,-0.289776,1.05146,-0.000454595,0.019798775,0.019798775,0
8,9394053,rs6987057,2.6277,1.24723,0.0343979,1.56695,0.004181903,0.11927151,0.11927151,0.414340815
8,9394331,rs1471203,-2.14666,1.26166,0.0185927,1.56117,0.010629898,0.078629339,0.078629339,0.649267682
8,9398118,rs17150211,-1.3264,1.55065,-0.144894,2.32878,-0.027504047,-0.027441175,-0.027441175,0
8,9404663,rs7013369,-1.12449,1.43594,-0.128139,2.22752,-0.000335895,-0.0000728,-0.0000728,0
8,9411808,rs9644677,2.82048,1.43673,0.30301,2.31206,0.044473602,0.138918369,0.138918369,0.110811807
8,9412153,rs9329203,2.45328,1.44629,0.346676,2.32479,0.036883742,0.142326497,0.142326497,0.05997145
8,9412857,rs6990097,-2.74196,1.42432,0.351147,2.32495,0.036504482,0.116046375,0.116046375,0.025925658
8,9421789,rs6986386,-2.28966,1.32125,0.310661,2.39802,0.020924957,0.084885497,0.084885497,0
8,9422926,rs13265363,-2.74833,1.29096,0.297597,2.46559,0.002215731,0.056382551,0.056382551,1.5523131
8,9427048,rs6601333,-2.35842,1.30376,0.251088,2.48332,0.018296025,0.086650641,0.086650641,0.009059637
8,9428688,rs11984585,-2.33927,1.34278,0.251756,2.42644,0.021733136,0.08629882,0.08629882,0
8,9437352,rs7834823,-2.99891,1.33358,0.271529,2.38783,0.02902395,0.124873633,0.124873633,0.037142756
8,9438928,rs6601338,-3.60245,1.32758,0.276924,2.38477,0.026625103,0.046547516,0.046547516,1.946559654
8,9442027,rs12549064,-1.64982,1.35087,0.290511,2.4609,0.030014625,0.120080507,0.120080507,0
8,9445429,rs12679892,-3.04314,1.31845,0.192304,2.24669,0.001794741,0.012324179,0.012324179,1.499415188
8,9449132,rs7002917,-1.07853,1.28095,0.405646,2.4171,0.001747921,0.01163714,0.01163714,0
8,9450886,rs10090277,-1.93223,1.27889,0.442032,2.41854,0.01420053,0.037365269,0.037365269,0
8,9452088,rs4610751,-3.08438,1.29591,0.431398,2.44161,0.023333685,0.13036084,0.13036084,5.32950728
8,9467171,rs5002815,-2.02315,1.22599,0.425562,2.37744,-0.004293183,0.006852594,0.006852594,0
8,9471265,rs4629869,-2.11622,1.2611,0.406117,2.37709,0.000842502,0.010772123,0.010772123,0
8,9472445,rs11249930,1.57607,1.27596,0.465189,2.43786,0.038787618,0.151421416,0.151421416,0.094486262
8,9508879,rs4128324,-2.80777,1.20196,0.274092,2.32465,-0.004757312,0.03524244,0.03524244,1.146405216
8,9526345,rs13250838,-2.72762,1.20573,0.276698,2.33453,-0.002058393,0.036115819,0.036115819,1.148254632
8,9527707,rs7015700,-3.19448,1.18809,0.277592,2.32279,-0.003151284,0.042337687,0.042337687,1.504625167
8,9533399,rs4427176,1.43046,1.15831,0.243709,2.46639,0.024360397,0.053997265,0.053997265,0.096077557
8,9540693,rs13273033,2.06331,1.16216,0.253062,2.506,0.018173251,0.054750367,0.054750367,0.062284876
8,9547083,rs11773928,-2.93377,1.11907,0.352308,2.47423,-0.023912308,0.056150866,0.056150866,0.166947937
8,9555092,rs4841196,2.85849,1.2043,0.344369,2.54136,0.00621891,0.045593283,0.045593283,1.579439149
8,9577096,rs6990116,2.0202,1.2001,0.418088,2.11477,-0.006879081,0.013669773,0.013669773,0
8,9578982,rs13276086,3.03037,1.23916,0.387673,2.14586,0.019887589,0.075906736,0.075906736,2.171665054
8,9593924,rs7846023,-1.4239,1.24232,0.348991,2.17285,-0.0038554,-0.001748881,-0.001748881,0
8,9600917,rs9644708,-0.267337,1.16952,-0.245241,1.6181,-0.059374952,-0.157369371,-0.157369371,0
8,9601699,rs12545912,2.33682,0.895869,0.475112,2.22455,0.016793614,0.042740289,0.042740289,1.002001496
8,9607863,rs11249943,-1.49926,0.948529,0.448466,2.16287,0.015036477,0.037704777,0.037704777,1.559113515
8,9611001,rs7014007,-2.60601,0.933481,0.496043,2.11509,0.025565878,0.082991944,0.082991944,2.37187969
8,9611470,rs10102170,-3.4001,0.936442,0.502116,2.12183,0.023006589,0.098373616,0.098373616,2.605126478
8,9616553,rs10101132,-2.57076,0.965164,0.470896,2.12146,0.014051314,0.049619797,0.049619797,2.851543466
8,9622559,rs6986755,-1.81563,0.839372,0.464543,2.04751,-0.001972857,0.023826438,0.023826438,0
8,9634874,rs7010154,-1.20555,0.845286,0.425443,2.04934,-0.001905759,0.010541899,0.010541899,0
8,9635770,rs17734024,-1.56779,0.855682,0.403554,2.16297,-0.010561754,0.00713065,0.00713065,0
8,9638308,rs4841215,-1.35976,0.81017,0.399381,1.84805,-0.002199977,0.012732486,0.012732486,0
8,9640400,rs11785739,-2.39652,0.789377,0.409476,1.83702,-0.017718831,0.003021229,0.003021229,0
8,9646560,rs7814507,-2.40317,0.86283,0.353147,2.03351,0.002397586,0.01863409,0.01863409,1.720687433
8,9647603,rs2898223,-1.38551,0.838668,0.418874,2.01863,-0.000808224,0.045012385,0.045012385,0
8,9647796,rs7838571,-3.37697,0.823976,0.377034,2.01868,0.01810667,0.055117162,0.055117162,2.041886595
8,9649769,rs7830613,-2.34224,0.967165,0.250706,2.06322,-0.00634437,-0.002963582,-0.002963582,0
8,9652735,rs7837054,1.20753,0.982174,0.25661,2.10604,0.009069522,0.005037386,0.005037386,1.793233708
8,9653502,rs13271796,-2.62203,0.986724,0.234465,2.10806,0.001819637,0.017982624,0.017982624,1.773224115
8,9672946,rs10107086,-0.949624,0.943607,0.233119,1.86461,0.005633381,0.028391808,0.028391808,0
8,9673870,rs4840440,-1.34956,0.9843,0.193136,1.92475,-0.014050118,0.013944406,0.013944406,0
8,9680223,rs17734290,-2.49056,0.873114,0.151904,1.86348,-0.004997679,-0.008523403,-0.008523403,0
8,9681257,rs2102658,1.24328,0.837786,0.188713,1.84282,0.003176539,0.028668358,0.028668358,0
8,9684014,rs13279794,-2.94898,1.04077,0.127239,1.83766,0.016184541,0.03230491,0.03230491,0.242876009
8,9685362,rs10110146,-2.59216,0.975992,0.145344,1.2041,0.008891445,0.005894054,0.005894054,0
8,9688094,rs12547274,1.95315,0.397546,0.605575,1.01663,-0.053653622,-0.035161551,-0.035161551,0
8,9692541,rs998019,-0.93428,0.485706,0.642723,1.05845,0.005608003,0.013823447,0.013823447,0.116804862
8,9692825,rs4841239,2.54398,0.452964,0.612938,1.05123,-0.004223941,-0.000446233,-0.000446233,0.019276039
