Table S2. The selection tests scores and the allele frequency of 385 variants,,,,,,,,,,,,,,,,
CHR,POS,SNP,iHS,XP-EHH,,,PBS,,,LLRS,Alternate Allele Frequency,,,,,
,,,,KWT vs CEU,KWT vs YRI,KWT vs CHB,KWT vs CEU,KWT vs YRI,KWT vs CHB,,KWT,AFR,AMR,EAS,EUR,SAS
1,3362256,rs867814,2.688,0.736189,1.55038,1.37643,0.016935961,0.148644242,0.148644242,0.315235083,0.815609,0.5174,0.7493,0.5942,0.8449,0.8262
1,3389727,rs2185639,2.67957,1.09184,1.35149,1.48381,0.007512842,0.078995432,0.078995432,0.27096134,0.84048,0.385,0.755,0.6746,0.8638,0.865
1,3393037,rs12124163,2.64577,1.1301,1.04693,1.4936,0.00601989,0.060678592,0.060678592,0.395431899,0.841338,0.3638,0.7579,0.6766,0.8628,0.864
1,18052645,rs260514,2.42152,1.36179,1.62144,2.80462,0.046993614,0.412838562,0.412838562,0.434558956,0.93825,0.6301,0.9251,0.6776,0.9573,0.8609
1,22282619,rs7529220,2.01151,0.647271,1.98531,2.24473,0.030318044,0.164382053,0.164382053,7.993569485,0.855918,0.5219,0.8242,0.7599,0.8608,0.8773
1,48295710,rs7525331,2.49573,1.70388,2.33514,2.29051,0.061973889,0.446885196,0.446885196,0.220038685,0.926244,0.5847,0.7118,0.5903,0.9573,0.8487
1,48370525,rs1556981,2.69102,1.14927,3.03508,2.54122,0.110942007,0.374478553,0.374478553,0.799300582,0.879074,0.5567,0.7464,0.6171,0.8738,0.8037
1,50666515,rs2494876,2.53974,1.15954,1.86121,1.03552,0.005002414,0.223690487,0.223690487,1.90407572,0.885935,0.3442,0.8804,0.6528,0.9006,0.8804
1,50716267,rs4437920,2.12308,1.02979,1.81934,0.0849739,0.091621519,0.173733865,0.173733865,0.493192008,0.925386,0.5817,0.938,0.8244,0.9344,0.863
1,69053937,rs2064375,2.36295,3.15091,1.54815,0.220844,0.051148202,0.006537871,0.006537871,1.035958846,0.734991,0.3744,0.6499,0.7192,0.6402,0.6963
1,71288661,rs11209700,2.35572,0.345207,0.600206,0.496095,0.016712735,0.023769308,0.023769308,4.797179736,0.24271,0.177,0.0994,0.003,0.2117,0.0409
1,71325340,rs6672081,2.13339,0.276676,0.365982,0.73324,0.012032461,0.063750623,0.063750623,4.967219593,0.246141,0.0749,0.1023,0.1329,0.2227,0.1319
1,84787312,rs316662,2.31105,0.71314,1.54906,1.07813,0.011668103,0.173743326,0.173743326,0.146445083,0.931389,0.643,0.804,0.8492,0.9791,0.9213
1,84795283,rs315552,2.40161,0.653787,1.53296,0.83522,0.006757261,0.061639192,0.061639192,0.051597701,0.875643,0.5734,0.768,0.8492,0.9145,0.8476
1,87293905,rs4282790,2.39155,0.00177903,1.17755,0.376979,0.004775644,0.009430882,0.009430882,0.01975387,0.703259,0.2927,0.7075,0.7788,0.7803,0.7945
1,88941573,rs1353796,2.08465,1.73869,1.88206,3.34103,0.122639499,0.060425019,0.060425019,0.346605743,0.867925,0.6838,0.6412,0.7421,0.7336,0.819
1,101543389,rs4409674,2.11225,0.760828,0.60874,0.495987,0.014486828,0.027177229,0.027177229,2.375539092,0.165523,0.0673,0.0677,0.0645,0.1203,0.0337
1,107743984,rs4915025,2.22426,0.807402,2.23208,0.455029,0.00779002,0.019661212,0.019661212,4.173717464,0.944254,0.6278,0.9582,0.9881,0.999,0.9796
1,108467386,rs345306,2.03454,0.873843,0.162319,1.01491,0.00498549,0.099335814,0.099335814,0.96635182,0.501715,0.1672,0.4827,0.3284,0.4871,0.363
1,111295674,rs420033,2.34621,1.60515,0.142631,0.716179,0.019603831,0.129032016,0.129032016,6.119218261,0.344768,0.0272,0.2493,0.1329,0.2783,0.2086
1,111573680,rs1282330,2.04782,0.533982,0.465756,0.189542,0.042247565,0.013790346,0.013790346,2.878390848,0.40223,0.1467,0.3818,0.3542,0.3141,0.1564
1,194251044,rs302224,3.88158,0.44407,3.94525,1.2771,0.114877972,0.245779996,0.245779996,0.039917543,0.909091,0.5651,0.9006,0.8363,0.9056,0.864
1,203403981,rs12757606,2.27233,0.734271,1.42135,1.9193,0.021299905,0.106316461,0.106316461,0.325035756,0.508576,0.2141,0.4179,0.1964,0.4801,0.41
1,208960876,rs1166923,2.02838,1.14564,0.967192,0.977813,0.01124429,0.008410489,0.008410489,0.034316766,0.733276,0.4682,0.7493,0.7629,0.7624,0.8528
1,208972144,rs1166900,2.00378,1.40777,0.581937,1.37589,0.00794967,0.017852451,0.017852451,0.016790927,0.686106,0.3631,0.7061,0.5913,0.6869,0.7812
1,231531627,rs480902,2.06592,2.11089,2.63645,1.46354,0.0000258,0.04912864,0.04912864,0.237421256,0.734991,0.385,0.6254,0.5337,0.7813,0.5982
1,231813134,rs6541281,2.11624,1.64358,1.61608,0.835568,0.030231683,0.175795912,0.175795912,0.096713859,0.523156,0.2186,0.4121,0.1845,0.4612,0.4376
1,248138217,rs4451578,2.2338,0.259005,1.92511,2.3488,0.054972407,0.236255532,0.236255532,1.749567504,0.922813,0.5552,0.8948,0.7956,0.9453,0.9847
2,21822998,rs1991126,2.16923,0.618659,2.30106,0.762763,0.124833388,0.228856587,0.228856587,0.076497824,0.942539,0.5408,0.9222,0.8363,0.9622,0.9499
2,38067671,rs766232,2.00969,0.986502,1.40831,0.13445,0.012468909,0.027818621,0.027818621,0.218054004,0.507719,0.3487,0.5403,0.3472,0.4284,0.4857
2,38068167,rs1346746,2.03814,0.973239,1.35603,0.1226,0.015927472,0.039822764,0.039822764,0.230125031,0.503431,0.3003,0.5519,0.3492,0.4354,0.4857
2,44674450,rs1067406,2.2181,1.02752,2.04792,1.96484,0.01045412,0.000814896,0.000814896,0.022568608,0.688679,0.5076,0.7089,0.2946,0.661,0.684
2,44757217,rs1011797,2.00688,1.39446,2.00191,0.884376,0.023126801,0.001423728,0.001423728,0.022033013,0.711835,0.4387,0.5677,0.2907,0.6402,0.729
2,44845258,rs934777,2.0918,1.81025,1.30007,0.949289,0.005071474,0.000131347,0.000131347,0.236532901,0.666381,0.3964,0.6744,0.3185,0.6352,0.591
2,76811778,rs10203812,2.04615,1.66208,0.656738,1.0616,0.001125877,0.085556093,0.085556093,1.167859609,0.493997,0.3268,0.2507,0.2232,0.4493,0.4683
2,76844026,rs1474177,2.07047,1.37512,1.45731,1.36943,0.003326641,0.017902605,0.017902605,0.475836318,0.548885,0.3147,0.3761,0.3462,0.5527,0.5215
2,76865585,rs7566719,2.18205,1.58623,1.34565,1.37133,0.00224118,0.142278539,0.142278539,0.454326004,0.546312,0.2027,0.3112,0.2222,0.5586,0.5051
2,107728660,rs4676318,2.46107,0.535132,1.98352,1.09515,0.027584763,0.170009644,0.170009644,0.010877327,0.914237,0.6558,0.745,0.7857,0.9324,0.9192
2,107736937,rs7589263,2.42657,0.499222,1.58319,1.06392,0.00510674,0.148998809,0.148998809,0.089993922,0.863636,0.4365,0.7017,0.7768,0.8936,0.8671
2,107741454,rs6759688,2.39763,0.517328,1.54602,1.07287,0.008547117,0.156659553,0.156659553,0.031494659,0.865352,0.4402,0.7003,0.7758,0.8936,0.8681
2,123662993,rs1527973,2.49374,1.76049,2.75335,0.780847,0.067999105,0.031153947,0.031153947,0.067484922,0.698971,0.5764,0.6499,0.6369,0.5318,0.7045
2,123730872,rs297478,2.29517,2.06011,1.99834,0.929304,0.092781224,0.057099219,0.057099219,0.049000303,0.75729,0.6074,0.6744,0.6399,0.5527,0.816
2,123749705,rs2247120,2.40675,2.65836,1.03257,1.33977,0.019389695,0.015218825,0.015218825,0.296013517,0.765866,0.739,0.6441,0.6002,0.5497,0.8119
2,123752100,rs1395930,2.44705,2.65957,1.08113,1.33625,0.10190952,0.073984617,0.073984617,0.031847414,0.731561,0.5522,0.5893,0.5982,0.5179,0.7495
2,158283299,rs155615,2.05224,0.880259,1.45983,0.956569,0.010176223,0.055252164,0.055252164,0.480978097,0.888508,0.6399,0.8285,0.8323,0.9076,0.8875
2,158667217,rs10497191,2.95267,0.416014,1.51543,0.448052,0.020651754,0.068536756,0.068536756,5.085524598,0.779588,0.0779,0.8141,0.9038,0.8767,0.9029
2,158691926,rs4233672,2.18817,0.339961,1.17925,1.3381,0.009329157,0.000271618,0.000271618,7.107596314,0.745283,0.2103,0.7896,0.7877,0.8111,0.8057
2,181716272,rs12624291,2.49102,1.14674,1.93067,1.199,0.05117611,0.035342701,0.035342701,1.270436349,0.820755,0.3222,0.5245,0.751,0.7227,0.8763
2,181723942,rs4128937,2.50602,1.12121,1.93405,1.20155,0.046657223,0.033498811,0.033498811,1.313675243,0.819897,0.3185,0.5173,0.751,0.7217,0.8722
2,192636199,rs4527158,2.02536,0.168505,0.572027,0.569546,0.00371454,0.015638423,0.015638423,0.029160363,0.517153,0.32,0.415,0.4673,0.4891,0.6125
2,194731362,rs13385986,2.52044,1.49395,1.38618,0.364303,0.102662208,0.067866008,0.067866008,1.055470124,0.909091,0.6573,0.9121,0.871,0.8618,0.9254
2,194749557,rs13431912,2.20565,1.47484,1.23884,0.366131,0.100593086,0.065690827,0.065690827,1.35703925,0.906518,0.6415,0.9092,0.872,0.8618,0.9264
2,218217618,rs899283,2.25024,0.691284,1.77431,0.943038,0.073717826,0.149413109,0.149413109,0.686411179,0.898799,0.4803,0.7867,0.8016,0.8956,0.7607
2,234292684,rs838715,2.22705,2.39623,1.0267,0.839282,0.040274124,0.063465794,0.063465794,0.24988609,0.433105,0.1467,0.3689,0.3562,0.3658,0.2505
3,1020877,rs6781767,2.08408,0.529696,1.77948,2.98906,0.001457254,0.289787313,0.289787313,2.157961519,0.877358,0.5666,0.8372,0.5704,0.9205,0.7689
3,1033790,rs4401351,2.2867,0.804122,2.13709,3.2822,0.056162833,0.407521082,0.407521082,3.178559692,0.90566,0.5628,0.8357,0.5595,0.9155,0.8088
3,1034188,rs9312040,2.22551,0.819995,2.2604,3.46463,0.054171003,0.391503303,0.391503303,2.891325328,0.907376,0.5779,0.8415,0.5694,0.9235,0.818
3,1035503,rs4686368,2.28601,0.487277,1.8595,2.68604,0.045930661,0.407521082,0.407521082,3.178559692,0.90566,0.5613,0.8357,0.5615,0.9195,0.8098
3,8947601,rs547904,2.05847,1.37045,2.86087,1.62604,0.004813585,0.0352198,0.0352198,0.03440784,0.773585,0.6573,0.7118,0.3591,0.7624,0.7658
3,8955389,rs373572,2.04192,1.38931,2.87237,1.65274,0.005300977,0.036528563,0.036528563,0.040512684,0.7753,0.6543,0.7118,0.3591,0.7624,0.772
3,8956418,rs574776,2.05179,1.39295,2.95929,1.65435,0.012131026,0.068848607,0.068848607,0.059850374,0.774443,0.6263,0.7075,0.3591,0.7624,0.771
3,8975742,rs447423,2.22264,1.37114,2.98923,1.64652,0.009134182,0.064177887,0.064177887,0.11206625,0.767581,0.5764,0.7046,0.3591,0.7614,0.772
3,10649468,rs12487529,2.67598,0.678473,0.974949,1.89632,0.008210217,0.117428175,0.117428175,0.002618384,0.458834,0.2315,0.3271,0.0278,0.5676,0.2382
3,25317646,rs13090773,2.66205,1.29381,0.589404,0.684141,0.000503672,0.040760237,0.040760237,0.6427096,0.494854,0.0983,0.5821,0.3889,0.4821,0.365
3,25318014,rs4681015,2.52496,1.53735,0.866154,0.843786,0.009233521,0.035666175,0.035666175,0.119158987,0.524014,0.233,0.6095,0.377,0.4881,0.3517
3,29516639,rs10510621,2.31771,0.515111,0.155167,0.636629,0.008757745,0.025673435,0.025673435,2.681270194,0.0754717,0.1082,0.1009,0.1379,0.1203,0.138
3,33103028,rs6550202,2.24932,0.658243,1.74022,1.20132,0.008481578,0.034494179,0.034494179,2.629791343,0.90223,0.3971,0.8242,0.9177,0.8926,0.9305
3,41541196,rs1495703,2.0155,1.53926,1.45106,1.34256,0.023257792,0.368037542,0.368037542,0.200831689,0.90223,0.5998,0.8948,0.5585,0.9463,0.8047
3,41559534,rs1630957,2.04234,1.83835,1.37361,1.33005,0.019859951,0.3296696,0.3296696,0.081739306,0.900515,0.6293,0.8948,0.5585,0.9473,0.8098
3,88092679,rs2033389,2.10659,0.396624,1.95053,0.743253,0.018288355,0.008724531,0.008724531,0.541129685,0.90223,0.4977,0.8833,0.9484,0.9483,0.9581
3,88101530,rs1051436,2.69438,0.360191,1.9635,0.970479,0.016413678,0.024785195,0.024785195,0.954682076,0.823328,0.4289,0.8415,0.8333,0.8429,0.907
3,109799304,rs1358018,2.88096,0.324915,2.34884,0.334921,0.051372976,0.122577002,0.122577002,3.540022565,0.933962,0.643,0.8718,0.9028,0.9573,0.9693
3,118865332,rs11550908,2.07815,0.424861,0.157752,0.530095,0.004860817,0.01230475,0.01230475,0.085665796,0.109777,0.1339,0.0663,0.2371,0.1531,0.1063
3,118865609,rs10934483,2.07815,0.424861,0.157752,0.530095,0.004860817,0.01230475,0.01230475,0.085665796,0.109777,0.1331,0.0663,0.2361,0.1531,0.1053
3,118916627,rs12632242,2.01039,0.305541,0.647891,1.41702,0.04034405,0.090882057,0.090882057,1.603215326,0.395369,0.0779,0.3055,0.2192,0.3032,0.1738
3,137544378,rs149999,2.11298,0.374832,0.838556,0.0301719,0.077332102,0.119038084,0.119038084,0.806137934,0.528302,0.18,0.5476,0.6667,0.5924,0.6472
4,16599234,rs1496747,2.23381,3.90779,1.44008,2.80963,0.033852664,0.008369389,0.008369389,2.739620944,0.675815,0.5144,0.5389,0.3452,0.5258,0.4796
4,24193409,rs6822382,2.39602,0.408135,2.64598,1.22487,0.0035157,0.078484492,0.078484492,3.666460964,0.829331,0.3548,0.817,0.752,0.8439,0.8364
4,24199845,rs1397490,2.76271,0.487923,2.58952,1.26268,0.02183375,0.099235369,0.099235369,3.149111398,0.824185,0.4206,0.7983,0.7381,0.827,0.8374
4,24205824,rs13131294,2.60186,0.49572,2.55782,1.24796,0.041161678,0.042480548,0.042480548,2.028934056,0.827616,0.5144,0.8228,0.8323,0.827,0.8446
4,24212477,rs9684046,2.67536,0.498604,2.45741,1.27652,0.022458586,0.101972699,0.101972699,3.132591254,0.823328,0.4349,0.8012,0.7391,0.827,0.8344
4,32628884,rs755773,2.92953,1.51958,2.61411,1.73733,0.053969454,0.142736157,0.142736157,0.292277148,0.854202,0.5386,0.7882,0.6706,0.8161,0.7924
4,108681819,rs4585383,2.16891,1.02571,2.33446,0.281905,0.028646876,0.081802983,0.081802983,1.09376889,0.864494,0.4455,0.8012,0.7847,0.8439,0.909
4,140637815,rs13112141,2.23298,1.58072,1.13124,2.59592,0.041650993,0.063957361,0.063957361,0.823580885,0.490566,0.202,0.2579,0.4058,0.4284,0.5041
4,140650730,rs2246759,2.1245,1.84288,1.09618,2.94392,0.027069793,0.185048538,0.185048538,1.257885154,0.508576,0.18,0.2839,0.252,0.4523,0.4581
4,142916958,rs1995960,2.33593,0.078711,0.549203,0.208084,0.055236367,0.033467631,0.033467631,0.003341885,0.503431,0.0779,0.5058,0.6359,0.6282,0.5245
4,152855624,rs19412,2.17565,1.04708,1.668,0.178717,0.000584566,0.002704421,0.002704421,0.263020069,0.662093,0.3366,0.5994,0.6607,0.6769,0.6155
4,153548037,rs3922934,2.14935,0.732384,1.41547,0.312357,0.048590609,0.02997789,0.02997789,0.374600243,0.92024,0.6407,0.9496,0.9216,0.9423,0.9417
4,162827306,rs7666181,2.3977,0.934877,0.552446,1.48338,0.016730665,0.018097424,0.018097424,0.239360192,0.673242,0.416,0.549,0.5169,0.5328,0.4703
4,162904939,rs1483549,2.02707,0.55331,0.293134,1.79487,0.029707715,0.047677557,0.047677557,0.391627921,0.832762,0.5424,0.8285,0.7669,0.8151,0.8262
4,180014056,rs11131908,2.13231,0.706033,2.10843,2.22236,0.020640455,0.058537386,0.058537386,2.771473764,0.691252,0.5378,0.6066,0.4742,0.6312,0.5869
4,180014143,rs1451407,2.27458,0.708145,1.9354,2.2234,0.006904281,0.026691146,0.026691146,4.444060321,0.675815,0.4274,0.5951,0.4742,0.6282,0.5869
4,180095990,rs2383273,2.64897,0.341406,2.1527,2.56162,0.000426482,0.00345307,0.00345307,0.019446972,0.712693,0.3101,0.7277,0.75,0.7694,0.6667
5,3333760,rs7718013,2.1602,1.01181,1.92141,1.44348,0.077927148,0.10528618,0.10528618,0.048495883,0.933962,0.674,0.7536,0.8829,0.9443,0.8783
5,11571940,rs2727588,2.35146,1.86859,1.49311,2.40225,0.002446484,0.051135719,0.051135719,0.070895706,0.669811,0.7277,0.5029,0.1746,0.7197,0.4417
5,20786582,rs10941855,2.39414,1.43259,2.1582,0.367931,0.003506334,0.031276982,0.031276982,5.655999452,0.892796,0.3434,0.7968,0.877,0.9334,0.9172
5,24643756,rs1395026,2.54088,1.48138,3.98397,2.81915,0.112405465,0.149267225,0.149267225,0.738036987,0.867925,0.5242,0.8833,0.8155,0.8708,0.9335
5,38103062,rs2453341,2.10364,0.549451,1.78866,1.91102,0.007643852,0.152902898,0.152902898,0.040193811,0.823328,0.4985,0.732,0.6964,0.835,0.8446
5,38104956,rs2471068,2.17434,0.589755,1.59128,2.03847,0.028573453,0.196974767,0.196974767,1.349240239,0.930532,0.7277,0.9568,0.7927,0.9573,0.9744
5,54737008,rs11741874,2.02238,1.39134,1.89117,1.15656,0.001163923,0.047790222,0.047790222,0.94893407,0.686106,0.4009,0.5735,0.501,0.664,0.6247
5,57244070,rs1378244,2.02358,0.720069,0.91136,1.98602,0.00077683,0.012811451,0.012811451,0.559288234,0.668096,0.5885,0.6599,0.4673,0.6412,0.5706
5,108922023,rs902505,2.48965,2.12816,1.15664,0.266134,0.007891471,0.011594739,0.011594739,0.2652108,0.673242,0.32,0.7579,0.5883,0.6909,0.7761
5,110501681,rs244515,2.56555,0.626325,1.33164,0.806675,0.014593239,0.041858856,0.041858856,6.339533801,0.342196,0.1551,0.3862,0.2688,0.3231,0.3957
5,110544623,rs7709420,2.25918,0.442789,0.369498,0.366598,0.019252552,0.014895944,0.014895944,6.054332525,0.295026,0.1838,0.3242,0.2708,0.2575,0.2761
5,125649162,rs17527858,2.95846,0.165539,0.24044,0.254139,0.030897807,0.116952374,0.116952374,1.630667408,0.221269,0.0424,0.1225,0,0.1551,0.0286
5,145202461,rs6898776,2.4176,0.322981,2.65882,0.82552,0.018592929,0.071434312,0.071434312,1.050468715,0.572899,0.1702,0.5692,0.2798,0.6879,0.5112
5,145205480,rs340046,2.32485,0.335451,2.66635,0.917784,0.022483256,0.049347492,0.049347492,0.842971511,0.57976,0.2095,0.5807,0.3056,0.6948,0.5123
5,145784922,rs11747475,2.05221,0.862525,0.836441,0.585371,0.014912001,0.009995693,0.009995693,0.237296623,0.769297,0.4009,0.7925,0.7133,0.7823,0.8476
5,165595428,rs11741022,2.01698,0.938921,2.61034,2.21773,0.012913609,0.082053917,0.082053917,1.333617665,0.864494,0.3449,0.7032,0.7113,0.8817,0.9039
5,165978860,rs2964302,2.69895,0.769012,1.22824,0.960775,0.001312128,0.001452162,0.001452162,0.103743211,0.700686,0.1944,0.7853,0.6915,0.7873,0.7413
6,14864129,rs1258993,2.62699,0.17913,2.40457,0.108751,0.095939807,0.019787672,0.019787672,0.923993524,0.885935,0.4569,0.8314,0.9315,0.8936,0.8947
6,14884524,rs373633,2.46045,0.179454,2.29921,0.0559588,0.094489768,0.003734278,0.003734278,0.158266768,0.892796,0.5552,0.8285,0.9395,0.8946,0.8957
6,28579471,rs9501180,2.69045,0.16708,1.17541,1.15715,0.006308557,0.125751116,0.125751116,0.33180545,0.494854,0.0734,0.4395,0.3254,0.5646,0.4499
6,28645170,rs9393921,2.13729,0.189521,0.58277,0.966108,0.00158355,0.144115671,0.144115671,0.469145559,0.497427,0.0741,0.4308,0.3185,0.5537,0.4274
6,32286102,rs531094,2.07285,0.0251153,0.439458,1.05324,0.012578957,0.026514726,0.026514726,0.067918638,0.518868,0.1543,0.5072,0.3611,0.3718,0.3814
6,35004819,rs12525532,2.57139,0.399833,0.339846,0.295138,0.009180129,0.051947231,0.051947231,0.057307638,0.403087,0.1558,0.3847,0.2738,0.3946,0.4325
6,40890792,rs1929791,2.35394,1.33621,1.23097,0.960071,0.007576105,0.004151286,0.004151286,0.256646938,0.655232,0.3835,0.5533,0.62,0.5765,0.4315
6,53478869,rs10948754,2.47173,1.31738,1.77402,0.962958,0.027923889,0.05170334,0.05170334,0.576086473,0.445969,0.2458,0.5086,0.2986,0.3757,0.1759
6,53479069,rs10948755,2.53201,1.33134,2.02166,0.980248,0.027923889,0.05170334,0.05170334,0.576086473,0.445969,0.2466,0.5086,0.2996,0.3757,0.1759
6,81352611,rs2444818,2.38936,1.15451,1.60517,0.78007,0.003964366,0.067216217,0.067216217,0.425376528,0.439108,0.1059,0.4625,0.3036,0.3837,0.2669
6,84971363,rs6910017,2.37354,0.45702,1.53526,1.68729,0.010423451,0.024076259,0.024076259,0.057560154,0.715266,0.4856,0.5764,0.4375,0.6561,0.7403
6,135739062,rs2614290,2.00752,0.715648,2.17388,1.62393,0.111670287,0.087070748,0.087070748,3.572840825,0.931389,0.5023,0.8919,0.9653,0.9553,0.9407
6,135899344,rs2092556,2.02665,0.208704,2.31327,1.08916,0.046244974,0.024612228,0.024612228,6.050835584,0.904803,0.4644,0.8804,0.9603,0.9463,0.9417
6,167238612,rs1202621,2.00422,0.147026,2.56516,2.04437,0.03030446,0.017558983,0.017558983,0.593772774,0.711835,0.4864,0.549,0.3115,0.6521,0.5849
7,1987092,rs10237340,2.12581,0.182459,0.661482,0.0199576,0.103418017,0.140374554,0.140374554,0.183998943,0.936535,0.6399,0.8285,0.9048,0.9592,0.911
7,8249663,rs1981715,2.2327,1.19722,1.49849,1.33844,0.044505112,0.130325091,0.130325091,0.018256858,0.865352,0.6445,0.7968,0.6736,0.8668,0.9049
7,8550648,rs6978582,2.42064,0.385054,0.304027,0.25325,0.020090658,0.067789795,0.067789795,1.544135162,0.359348,0.1959,0.2839,0.125,0.2972,0.1984
7,12119520,rs17648860,2.5148,1.65671,0.394462,0.295865,0.015442508,0.086565969,0.086565969,1.95494902,0.274443,0.1203,0.1153,0.0962,0.2376,0.1084
7,14453061,rs891808,2.1891,1.29366,1.78554,0.912103,0.054367682,0.105843968,0.105843968,0.015072584,0.861921,0.6286,0.6628,0.6577,0.8469,0.7055
7,16825580,rs4629751,2.7712,2.06955,1.10193,2.00052,0.00467378,0.021006621,0.021006621,0.310560376,0.762436,0.292,0.7536,0.5774,0.7217,0.7239
7,19447111,rs4721765,2.38805,0.636957,1.76898,2.36036,0.00237453,0.156430721,0.156430721,4.644333164,0.843053,0.4932,0.6888,0.7192,0.8767,0.8957
7,21286643,rs4548059,2.29991,1.17228,0.122799,1.09055,0.018121279,0.019141679,0.019141679,2.110721259,0.376501,0.2368,0.451,0.2688,0.3738,0.2577
7,27182245,rs3757640,3.04597,2.53736,1.67703,0.541505,0.007748206,0.015269754,0.015269754,0.49077084,0.765009,0.3585,0.5634,0.6012,0.7117,0.7526
7,27196113,rs2301721,2.65549,2.09417,1.40284,0.429696,0.003763335,0.028160538,0.028160538,4.240835651,0.78988,0.1014,0.6499,0.8581,0.83,0.8303
7,50758245,rs933360,2.58242,0.472714,1.23172,0.617076,0.001948005,0.003257174,0.003257174,1.03037725,0.75729,0.2474,0.6758,0.752,0.7475,0.684
7,50791579,rs6943153,2.19799,0.49662,0.957067,0.429468,0.001787816,0.030444416,0.030444416,5.313742621,0.696398,0.2504,0.5562,0.756,0.7048,0.6687
7,73599917,rs150875,2.17905,0.820485,1.148,0.266825,0.005606474,0.064722929,0.064722929,0.12027222,0.929674,0.6619,0.9236,0.9266,0.9672,0.9162
7,78872516,rs1406160,2.04791,2.24561,0.558532,1.79605,0.014312202,0.025519168,0.025519168,1.301739462,0.560892,0.2731,0.3963,0.2639,0.6054,0.4182
7,79057761,rs10485959,2.25108,2.32313,0.926404,1.609,0.047115368,0.029791448,0.029791448,1.430113689,0.433105,0.1051,0.3559,0.251,0.3459,0.3292
7,79085543,rs4730857,2.11789,2.2917,1.89017,1.58483,0.026928844,0.05410726,0.05410726,1.827720174,0.507719,0.2663,0.3948,0.2907,0.4374,0.3436
7,86767689,rs7812191,2.48747,0.374748,2.30773,1.42509,0.039022716,0.243445367,0.243445367,0.389602647,0.823328,0.5325,0.6225,0.4216,0.8221,0.7546
7,86781423,rs2286267,2.64959,0.348701,2.37303,1.43374,0.057718681,0.219312755,0.219312755,0.357555947,0.814751,0.5159,0.6643,0.5367,0.7942,0.7566
7,86847321,rs10245036,2.48102,0.214857,2.40949,1.06636,0.043541664,0.202638411,0.202638411,0.084552423,0.802744,0.5227,0.6643,0.5308,0.7932,0.7495
7,86995999,rs7802658,2.60476,0.828329,2.5371,0.86453,0.00149661,0.007797341,0.007797341,0.050241693,0.810463,0.3699,0.7637,0.7619,0.829,0.7127
7,86997694,rs10247098,2.56951,0.819925,2.84346,0.888036,0.006136103,0.018836306,0.018836306,0.028527373,0.814751,0.4145,0.7695,0.746,0.829,0.7117
7,86998335,rs3789250,2.56951,0.819925,2.83162,0.888036,0.006521323,0.019566871,0.019566871,0.028527373,0.814751,0.4153,0.7695,0.746,0.829,0.7127
7,87022596,rs2072207,2.66475,0.834612,2.93549,1.16434,0.009015918,0.048251496,0.048251496,0.335640591,0.815609,0.4145,0.7565,0.7093,0.8191,0.7198
7,87030903,rs2097937,2.64467,1.0018,3.10444,1.20595,0.027288044,0.070472529,0.070472529,0.433316069,0.836192,0.4153,0.7522,0.7103,0.8111,0.7178
7,87031809,rs1526090,2.60676,1.00175,3.10441,1.20602,0.028717765,0.070138318,0.070138318,0.367562578,0.837907,0.4221,0.7536,0.7143,0.8111,0.7198
7,87033948,rs12154399,2.71871,0.992274,3.10214,1.19987,0.026071559,0.069298513,0.069298513,0.712148616,0.833619,0.4221,0.7522,0.7113,0.8111,0.7117
7,87043708,rs4148830,2.68177,0.942419,3.06351,1.1687,0.028026447,0.06914677,0.06914677,0.409921636,0.83705,0.4168,0.7536,0.7123,0.8111,0.7198
7,87053150,rs31667,2.20961,0.282077,2.72614,1.42158,0.00962074,0.157695284,0.157695284,0.388745608,0.847341,0.4985,0.7939,0.6855,0.8419,0.7331
7,89373249,rs12667937,2.45421,1.8076,1.66412,0.492278,0.021295903,0.025462087,0.025462087,0.809130103,0.694683,0.4818,0.7104,0.5923,0.6909,0.4397
7,89410098,rs12704484,2.20026,1.82088,1.8372,0.548974,0.026553406,0.008822972,0.008822972,1.834437296,0.759005,0.3548,0.6888,0.7341,0.7058,0.4888
7,98005398,rs2107717,2.0718,0.399429,2.42469,2.43978,0.052645927,0.02765393,0.02765393,0.088302721,0.515437,0.2239,0.6023,0.4355,0.6759,0.2914
7,119944579,rs12706276,3.09013,1.72285,4.51197,0.400497,0.000811081,0.007824055,0.007824055,2.228697441,0.814751,0.1974,0.7853,0.8552,0.8072,0.9121
7,119955585,rs2402526,3.41146,1.87625,4.29815,0.712138,0.004205163,0.034469666,0.034469666,3.690362743,0.805317,0.1475,0.7839,0.8552,0.8072,0.9121
7,120010469,rs6943092,2.81614,1.87936,4.30669,0.733267,0.132665692,0.113844059,0.113844059,0.048346134,0.939966,0.4818,0.9294,0.9177,0.9135,0.9438
7,125961043,rs485,2.67379,2.93869,1.06467,1.56358,0.093663833,0.048600536,0.048600536,0.231957096,0.500858,0.1369,0.3977,0.3948,0.3877,0.4366
7,125992885,rs10954109,2.63209,2.81634,0.803655,1.58863,0.057558813,0.034810402,0.034810402,0.169942781,0.442539,0.1543,0.3847,0.371,0.3569,0.3569
7,126037381,rs12539616,2.96814,2.73345,1.88864,1.46404,0.029109097,0.001885619,0.001885619,0.476444133,0.473413,0.3381,0.415,0.4494,0.3708,0.4213
7,126073820,rs1419458,2.34467,2.97633,2.00341,1.49835,0.020768251,0.015115366,0.015115366,0.63522011,0.536021,0.3646,0.4568,0.3819,0.4235,0.4325
7,126079144,rs712723,2.25276,2.86239,1.91143,1.43163,0.020394336,0.014773258,0.014773258,0.567577391,0.536878,0.3646,0.4568,0.38,0.4235,0.4284
7,126154236,rs2283065,2.8638,2.75685,2.34904,2.00609,0.022800922,0.047541479,0.047541479,0.051221815,0.436535,0.0151,0.2565,0.2629,0.3579,0.4049
7,135405904,rs6948713,2.10666,1.61411,1.34287,1.68894,0.041499045,0.108980444,0.108980444,3.56515007,0.481132,0.1997,0.2522,0.3036,0.3986,0.2822
7,137669111,rs12707374,2.05838,1.09762,0.456981,0.614821,0.005893539,0.009462065,0.009462065,0.830361058,0.816467,0.2867,0.7579,0.7599,0.7714,0.8998
7,147581989,rs17236183,2.02291,0.248016,0.47235,0.239057,0.006986965,0.079339492,0.079339492,0.855560325,0.392796,0.0658,0.4121,0.2718,0.3519,0.3067
8,9394053,rs6987057,2.6277,1.24723,0.0343979,1.56695,0.004181903,0.11927151,0.11927151,0.414340815,0.828473,0.6921,0.6499,0.6002,0.839,0.7321
8,9411808,rs9644677,2.82048,1.43673,0.30301,2.31206,0.044473602,0.138918369,0.138918369,0.110811807,0.788165,0.5749,0.7882,0.5804,0.7455,0.6585
8,9412153,rs9329203,2.45328,1.44629,0.346676,2.32479,0.036883742,0.142326497,0.142326497,0.05997145,0.813894,0.6316,0.8012,0.5704,0.7664,0.6656
8,9540693,rs13273033,2.06331,1.16216,0.253062,2.506,0.018173251,0.054750367,0.054750367,0.062284876,0.834477,0.7156,0.8199,0.6716,0.7753,0.7004
8,9555092,rs4841196,2.85849,1.2043,0.344369,2.54136,0.00621891,0.045593283,0.045593283,1.579439149,0.74271,0.612,0.572,0.38,0.7157,0.5746
8,9578982,rs13276086,3.03037,1.23916,0.387673,2.14586,0.019887589,0.075906736,0.075906736,2.171665054,0.723842,0.5454,0.536,0.4593,0.668,0.5654
8,9601699,rs12545912,2.33682,0.895869,0.475112,2.22455,0.016793614,0.042740289,0.042740289,1.002001496,0.80446,0.6498,0.8386,0.7222,0.7664,0.6943
8,17630019,rs6998733,2.19103,0.0730261,1.72721,1.45945,0.017654336,0.080209173,0.080209173,0.137011431,0.499142,0.3306,0.4697,0.1558,0.5149,0.1759
8,18665597,rs11778064,2.34744,1.02451,0.393798,1.9435,0.002041579,0.029995188,0.029995188,0.136462516,0.569468,0.2179,0.4207,0.3601,0.5984,0.3497
8,24144598,rs436760,2.0255,1.25493,2.08494,3.24693,0.020943679,0.077041163,0.077041163,1.680243285,0.75729,0.4365,0.7637,0.4474,0.6968,0.6207
8,29957816,rs12386822,2.4804,0.192088,4.09969,3.71927,0.011065459,0.015978034,0.015978034,0.146572378,0.641509,0.2625,0.7003,0.4067,0.6819,0.5593
8,29996824,rs7838088,2.70603,0.284042,3.20449,3.44222,0.006379971,0.240973583,0.240973583,0.379793241,0.88422,0.5613,0.8386,0.7103,0.9115,0.9315
8,30000346,rs12334730,2.94843,0.262613,3.20441,3.41081,0.027632715,0.305457737,0.305457737,1.792095813,0.91681,0.4629,0.8617,0.7232,0.9433,0.9305
8,30004493,rs2341177,2.51709,0.264311,3.24455,3.42698,0.00693105,0.120003087,0.120003087,0.174692008,0.894511,0.6422,0.8905,0.7688,0.9165,0.9417
8,33853868,rs7465297,2.17255,0.86464,1.52092,0.466448,0.006733352,0.01695932,0.01695932,0.723127088,0.7753,0.3071,0.7622,0.7083,0.7922,0.8016
8,108522424,rs7003565,2.44284,1.01923,0.246517,0.0699285,0.015308795,0.136477992,0.136477992,0.017664645,0.491424,0.1808,0.3156,0.3016,0.4901,0.4294
8,116701130,rs12682033,2.9873,1.26161,3.23979,1.25034,0.099015132,0.202075697,0.202075697,0.121755984,0.852487,0.4856,0.6744,0.6429,0.7853,0.7751
8,139628889,rs4076991,3.18131,1.09105,4.32798,1.09328,0.03031325,0.127542448,0.127542448,0.284611642,0.874786,0.5091,0.7579,0.7907,0.8917,0.8599
8,139669119,rs6989017,2.45447,0.910255,4.63404,1.06528,0.003678418,0.103055088,0.103055088,0.645343324,0.844768,0.4811,0.6931,0.7589,0.8996,0.7699
8,139751900,rs10109866,2.16726,3.10887,3.39655,1.28154,0.01565244,0.005289198,0.005289198,0.823158154,0.808748,0.2738,0.804,0.7629,0.7913,0.8476
8,139944993,rs11166859,2.81368,1.3155,2.8195,0.245962,0.088677729,0.029983013,0.029983013,0.305623614,0.912521,0.6112,0.8559,0.9514,0.9006,0.8139
8,140006609,rs2318832,2.01877,0.574786,1.43052,1.34534,0.02887915,0.036181231,0.036181231,0.655406869,0.740995,0.2005,0.6945,0.8125,0.8658,0.7556
8,140031004,rs10095842,2.31391,1.05115,3.30297,2.40279,0.000552047,0.009540127,0.009540127,0.363481633,0.801887,0.8056,0.7075,0.5506,0.834,0.7076
9,907561,rs4742545,2.14411,1.25505,2.0519,1.1622,0.174612016,0.108947543,0.108947543,0.695845644,0.927101,0.677,0.8818,0.9008,0.8668,0.9121
9,14535957,rs10810175,2.02492,2.89572,0.805361,0.987725,0.080462478,0.128692734,0.128692734,0.000747288,0.445111,0.2458,0.304,0.1667,0.2873,0.2822
9,27869510,rs2383733,2.09565,1.06193,1.66508,1.76174,0.020511248,0.363983197,0.363983197,0.730132024,0.903087,0.5772,0.7363,0.6468,0.9264,0.8845
9,32698601,rs1329005,2.63886,0.738348,3.26608,0.718727,0.033795412,0.396241063,0.396241063,4.659090229,0.939966,0.6172,0.9049,0.7569,0.999,0.9591
9,32994500,rs2183870,2.02916,0.763549,0.636227,0.789606,0.004704809,0.005771253,0.005771253,0.471817517,0.469125,0.3056,0.5346,0.4435,0.4901,0.5654
9,79404749,rs7854027,2.30752,0.923104,0.198961,0.445188,0.016615204,0.022449165,0.022449165,1.408981195,0.345626,0.2685,0.2824,0.2113,0.2505,0.2342
9,87995971,rs2814737,2.15944,0.00900764,1.29649,0.541575,0.005699582,0.049297225,0.049297225,0.287568708,0.578902,0.3525,0.4438,0.2222,0.6223,0.6155
9,90821421,rs2482488,3.20537,0.972988,3.27077,3.03703,0.057820412,0.20890754,0.20890754,0.012976523,0.814751,0.5719,0.634,0.4792,0.7982,0.6851
9,90835589,rs2578246,2.49286,1.05166,2.72009,2.9531,0.056563924,0.153039642,0.153039642,1.989815867,0.837907,0.407,0.7233,0.628,0.8241,0.8344
9,114731867,rs10733581,2.48513,0.0852647,1.80895,2.53999,0.0287649,0.063972416,0.063972416,0.060677035,0.729846,0.531,0.5202,0.6548,0.67,0.7076
9,123480866,rs2416799,2.32901,1.07438,1.99965,0.735454,0.002503971,0.023733549,0.023733549,0.926028379,0.676672,0.3775,0.7493,0.5804,0.6988,0.7382
10,30937956,rs2015920,2.05898,1.28228,1.80056,0.94942,0.019480207,0.020901071,0.020901071,1.64666416,0.750429,0.4221,0.6081,0.6726,0.7306,0.6247
10,30985081,rs10826846,2.16818,0.774108,1.91481,2.00657,0.005124405,0.251311969,0.251311969,4.651345406,0.889365,0.3805,0.8473,0.6567,0.9135,0.9663
10,44438863,rs11238782,2.31392,0.0688655,0.592778,1.41594,0.000607743,0.04674927,0.04674927,2.956679327,0.525729,0.149,0.3343,0.3988,0.5905,0.4652
10,78314705,rs2637256,2.2451,0.626335,2.64297,1.7834,0.002297132,0.49639943,0.49639943,0.493407496,0.901372,0.5151,0.8458,0.5159,0.9592,0.8456
10,78316518,rs2579766,2.28632,0.653079,2.68765,1.79115,0.005740086,0.504056339,0.504056339,0.418201615,0.903087,0.5151,0.8473,0.5159,0.9592,0.8456
10,80569876,rs7477887,2.20655,1.66898,0.813854,0.675547,0.011416652,0.061828023,0.061828023,0.104073143,0.463122,0.2186,0.4438,0.3601,0.4145,0.4305
10,90033593,rs2114406,2.12122,0.545708,0.660369,1.02938,0.061879329,0.098586757,0.098586757,1.951590741,0.424528,0.1384,0.304,0.2312,0.3628,0.3855
10,108260332,rs2900712,2.68648,2.21676,0.313191,1.64706,0.031434002,0.01624949,0.01624949,0.78382963,0.512007,0.211,0.3026,0.4405,0.4165,0.3793
10,108495751,rs2756241,2.59964,0.644937,1.54529,2.62119,0.007532349,0.281956784,0.281956784,1.564919646,0.853345,0.5764,0.7997,0.5159,0.8767,0.7209
10,108495847,rs2756242,2.59964,0.644937,1.54705,2.62119,0.008080572,0.286121348,0.286121348,1.564919646,0.853345,0.5628,0.7997,0.5159,0.8767,0.7209
10,119994707,rs10787813,2.09926,0.188352,1.03803,0.404284,0.016948119,0.012297368,0.012297368,0.643859003,0.891081,0.4448,0.8977,0.9345,0.9135,0.9141
10,120828969,rs7908387,2.0706,0.602136,1.37705,0.859559,0.010034783,0.141451527,0.141451527,4.16778168,0.915952,0.3949,0.9193,0.8829,0.9692,0.955
10,121932833,rs4427485,2.18686,0.463358,2.20735,0.0369634,0.005696748,0.042781669,0.042781669,0.18507063,0.491424,0.239,0.5951,0.5952,0.5239,0.5061
10,128837927,rs9418809,2.16788,0.467869,0.243003,0.351317,0.012506652,0.0203009,0.0203009,0.013899271,0.271012,0.2239,0.232,0.2143,0.2157,0.2188
10,131236879,rs10734086,2.67145,1.06658,2.72084,0.213054,0.010273732,0.106558398,0.106558398,0.663922951,0.859348,0.4834,0.7925,0.7738,0.8757,0.8027
10,133533485,rs4367873,2.44587,0.392675,1.77696,0.810386,0.00374009,0.007488018,0.007488018,0.129623233,0.704117,0.2277,0.755,0.7758,0.659,0.7904
10,133534822,rs9419624,2.26841,0.374111,1.74952,0.783573,0.00539227,0.010667112,0.010667112,0.08867852,0.692967,0.2194,0.7478,0.7758,0.6481,0.7679
11,15580347,rs2351046,2.35024,3.13527,1.60862,0.647566,0.013847809,0.008896765,0.008896765,0.027935132,0.669811,0.3767,0.5418,0.5476,0.5557,0.5961
11,15610823,rs4756814,2.62748,2.8958,1.70745,0.668529,0.022834244,0.015334567,0.015334567,0.159883855,0.716981,0.3593,0.647,0.5794,0.6243,0.6564
11,15616694,rs11023650,2.13031,2.6895,1.60474,0.669541,0.028923698,0.016226822,0.016226822,0.138779186,0.698971,0.3911,0.6297,0.5764,0.5855,0.637
11,20483748,rs3758803,2.05261,0.260737,1.16055,1.46396,0.041353258,0.128672043,0.128672043,0.301288956,0.497427,0.1914,0.3862,0.2242,0.5726,0.4172
11,20776391,rs1554367,2.40888,0.82705,2.43227,1.09071,0.093290016,0.014499425,0.014499425,1.479531501,0.865352,0.4372,0.8213,0.88,0.8211,0.8497
11,22696451,rs922571,2.33092,0.234066,0.530687,0.427676,0.012036057,0.0546223,0.0546223,0.47080109,0.642367,0.1747,0.6095,0.749,0.67,0.5542
11,34283861,rs2611145,2.02214,0.00518256,0.414088,1.35904,0.014039956,0.033752654,0.033752654,0.300623537,0.526587,0.3298,0.4568,0.3948,0.5328,0.6227
11,45631953,rs4755330,2.11855,1.58195,1.61302,0.179945,0.120453545,0.016841864,0.016841864,0.310803007,0.853345,0.472,0.8314,0.874,0.7833,0.8497
11,45672261,rs3802762,2.75358,0.977442,1.44497,0.926524,0.076490168,0.193738621,0.193738621,0.579134166,0.879931,0.3986,0.7795,0.6716,0.828,0.8824
11,45672725,rs4148903,2.51611,0.975922,1.57694,0.93035,0.13383602,0.288269045,0.288269045,0.79548249,0.890223,0.469,0.781,0.6756,0.828,0.8916
11,45672747,rs4148902,3.14384,0.974934,1.52812,0.914734,0.067432856,0.179589984,0.179589984,1.469654767,0.873928,0.3926,0.7795,0.6726,0.827,0.8773
11,45674170,rs2277272,3.36878,0.957008,1.48874,0.879348,0.052199077,0.149281825,0.149281825,1.154999806,0.861063,0.3896,0.7723,0.6726,0.8201,0.8691
11,45674599,rs4148898,3.09005,0.957957,1.48978,0.880496,0.063518263,0.17251634,0.17251634,0.561377515,0.872213,0.3903,0.7795,0.6726,0.827,0.8834
11,56832642,rs550124,2.05197,2.53427,1.15629,1.41204,0.039167375,0.09752301,0.09752301,8.278659377,0.422813,0.1316,0.451,0.3194,0.3897,0.4202
11,56952427,rs10896578,2.55471,1.99719,0.973865,0.673511,0.009871765,0.003111963,0.003111963,1.568223697,0.427101,0.1157,0.4265,0.3631,0.3976,0.5245
11,59210550,rs7947825,2.16101,1.9247,0.801545,0.875483,0.06073649,0.160160375,0.160160375,1.421296346,0.912521,0.4758,0.7161,0.871,0.9463,0.8855
11,67068859,rs2298815,2.19415,0.72674,3.37088,0.716782,0.002188061,0.062618208,0.062618208,0.014700124,0.940823,0.761,0.9467,0.8859,0.9642,0.9765
11,67070017,rs4930192,3.30871,0.726538,3.5514,0.718466,0.039753797,0.173251701,0.173251701,0.315734568,0.903945,0.5356,0.8818,0.7768,0.9294,0.9519
11,67419855,rs10736660,2.32951,0.861827,2.18225,0.794577,0.013622508,0.040163202,0.040163202,0.755216652,0.818182,0.4319,0.8473,0.7312,0.8072,0.9162
11,76814110,rs2233549,2.02032,0.236863,0.134683,0.374619,0.004931812,0.011593036,0.011593036,0.191662336,0.17753,0.1952,0.2061,0.2321,0.2107,0.3599
11,83744306,rs10792710,3.23577,0.495614,3.11095,0.819909,0.008624019,0.002379946,0.002379946,0.242288403,0.723842,0.236,0.6816,0.7669,0.7465,0.6677
11,83766621,rs4943885,2.28952,0.6478,2.46686,0.924104,0.024706604,0.107327723,0.107327723,0.013435991,0.843053,0.5,0.7363,0.7698,0.83,0.8057
11,83839293,rs2105806,3.20721,1.17466,3.46984,1.3714,0.001243224,0.01098187,0.01098187,0.26513053,0.797599,0.3003,0.6873,0.7371,0.7773,0.771
11,83844790,rs1945825,3.3376,1.16746,3.40291,1.38754,0.013696304,0.050559327,0.050559327,0.078491333,0.801029,0.4281,0.696,0.7371,0.7783,0.7689
11,83904512,rs1349820,3.07529,1.03166,2.70814,1.36144,0.000238703,0.018333477,0.018333477,0.35103091,0.783019,0.3495,0.6916,0.751,0.7843,0.7791
11,83918339,rs10792731,2.94108,1.00168,2.69933,1.39143,0.016359031,0.114573331,0.114573331,0.06317528,0.852487,0.4024,0.7291,0.748,0.8509,0.7904
11,83933781,rs7925243,3.0392,1.13878,2.76625,1.33239,0.018410885,0.05290883,0.05290883,0.232315111,0.790738,0.4039,0.7017,0.7381,0.7714,0.7771
11,83939591,rs10792740,3.16914,1.12712,2.89841,1.33831,0.04729782,0.197009621,0.197009621,0.199495836,0.857633,0.5023,0.7334,0.7371,0.841,0.8292
11,83945482,rs896996,3.20753,1.13269,2.94145,1.33144,0.028421781,0.106923243,0.106923243,0.13439125,0.813894,0.4629,0.7104,0.7381,0.7744,0.8037
11,83954724,rs1399617,3.45637,1.0767,2.81703,1.35162,0.019543185,0.086956505,0.086956505,0.067345908,0.787307,0.4932,0.7032,0.7391,0.7505,0.7607
11,83967019,rs4943889,3.31805,0.974794,2.62473,1.46919,0.015547544,0.115513697,0.115513697,0.463902799,0.803602,0.5734,0.7046,0.7321,0.7753,0.8405
11,83976634,rs10792746,2.19917,1.05894,2.11095,1.42866,0.043329853,0.102736976,0.102736976,0.139985573,0.800172,0.5477,0.7133,0.747,0.7793,0.864
11,84993643,rs552017,2.06975,0.822547,0.403256,0.0203639,0.010400837,0.16369433,0.16369433,0.091087235,0.850772,0.621,0.6182,0.5972,0.8519,0.6309
11,88452034,rs1993842,2.18983,0.689833,1.7652,1.15287,0.100274615,0.273751924,0.273751924,1.140920472,0.926244,0.4788,0.7637,0.8254,0.9513,0.9448
11,102495066,rs1962082,2.12064,3.03344,0.116686,0.459314,0.044639737,0.072779079,0.072779079,0.134433804,0.418525,0.2663,0.2608,0.0516,0.2773,0.3262
11,104758035,rs484438,2.48986,1.11557,2.95908,1.11294,0.052032783,0.053978768,0.053978768,2.076732714,0.948542,0.6248,0.9582,0.997,0.994,0.9765
11,107987784,rs10890813,2.19476,2.64777,0.410885,0.732012,0.138335082,0.058610825,0.058610825,1.394457055,0.495712,0.0635,0.4193,0.3393,0.34,0.5112
11,108038477,rs920679,2.09538,2.77287,1.12063,0.976245,0.124879881,0.032723443,0.032723443,0.635202745,0.491424,0.0605,0.4524,0.3611,0.3628,0.5174
11,128818599,rs4121427,2.18473,2.49778,0.873656,1.57926,0.030130949,0.00263476,0.00263476,0.00038098,0.415094,0.261,0.4597,0.4107,0.4404,0.2454
11,128823766,rs4121417,2.83006,2.35675,0.830626,1.57543,0.053581245,0.018749033,0.018749033,0.220491822,0.364494,0.1974,0.389,0.3194,0.3171,0.1401
11,128843573,rs10893942,3.25075,2.37896,1.14551,1.72382,0.041256923,0.030541442,0.030541442,0.058323316,0.351629,0.174,0.3689,0.2748,0.3211,0.1319
11,128857025,rs11221527,3.25271,2.36623,1.14838,1.69058,0.041068533,0.0212455,0.0212455,0.287664873,0.349914,0.171,0.3689,0.3006,0.3201,0.1329
11,128927178,rs10893962,2.86587,2.28424,1.03384,1.68466,0.044191835,0.019974827,0.019974827,0.271810669,0.347341,0.1717,0.3689,0.3006,0.3141,0.137
11,128937691,rs2840345,2.82655,2.22766,1.03495,1.6792,0.044191835,0.019974827,0.019974827,0.271810669,0.347341,0.1717,0.3674,0.3016,0.3141,0.137
11,129103092,rs10219187,2.59802,2.02449,0.999439,1.62093,0.030745112,0.029452517,0.029452517,0.024963811,0.355918,0.261,0.3746,0.2708,0.3171,0.182
11,129126706,rs4372462,2.66405,2.07874,1.0675,1.14617,0.009736171,0.011193627,0.011193627,0.075834134,0.35506,0.3109,0.379,0.1865,0.3161,0.1452
11,129150067,rs4077032,2.51753,1.94876,0.866244,1.00919,0.031446363,0.056922474,0.056922474,0.168906284,0.350772,0.2315,0.3761,0.2173,0.3161,0.1513
11,130060217,rs478745,2.38021,0.515073,0.540707,1.67488,0.005858621,0.001683281,0.001683281,0.838062461,0.670669,0.1165,0.7507,0.7063,0.7296,0.8333
12,4915652,rs12821926,2.65601,1.84219,0.651702,0.836022,0.014841357,0.040523955,0.040523955,3.889563855,0.345626,0.2163,0.1772,0.0258,0.3141,0.0624
12,11156123,rs10772413,2.00587,1.50495,1.48507,0.0311379,0.036812979,0.133582279,0.133582279,0.341255692,0.553173,0.0643,0.3847,0.755,0.3837,0.6339
12,11164102,rs7304447,2.00403,1.51758,1.49094,0.0370965,0.036812979,0.133582279,0.133582279,0.34932004,0.553173,0.0726,0.3847,0.7569,0.3827,0.6339
12,11827629,rs2111049,2.51108,0.229675,0.678611,1.3004,0.036207651,0.002928347,0.002928347,0.778554303,0.753859,0.1097,0.8012,0.8155,0.8658,0.8405
12,11830715,rs2724626,2.51181,0.218034,0.59698,1.29057,0.036677398,0.006065821,0.006065821,0.849756134,0.753002,0.1074,0.8012,0.8175,0.8638,0.8395
12,76327701,rs6582316,2.12965,0.5794,0.757736,2.66379,0.077067384,0.216897746,0.216897746,0.666844496,0.909949,0.7526,0.8948,0.6518,0.8946,0.6503
12,81522025,rs2574740,2.18573,0.494302,1.69038,2.17596,0.095845446,0.462918192,0.462918192,3.344860738,0.932247,0.528,0.9251,0.6915,0.9583,0.8098
12,83361414,rs10862531,2.12743,0.769238,1.78843,0.489306,0.015842151,0.052723371,0.052723371,3.190668092,0.806175,0.3843,0.7666,0.7123,0.7942,0.8763
12,83419504,rs11115544,2.54662,0.713046,2.21427,0.491982,0.003275084,0.014052796,0.014052796,1.832036586,0.668096,0.3949,0.6297,0.5665,0.6481,0.7474
12,104943735,rs17207200,2.18156,1.86253,0.41292,0.335082,0.093742745,0.201806791,0.201806791,1.47336413,0.440823,0.1399,0.3112,0.1855,0.2843,0.3957
12,104962244,rs313318,2.11034,1.88524,0.00160842,0.381012,0.064718281,0.166231891,0.166231891,1.312492189,0.418525,0.1165,0.3242,0.1944,0.3091,0.3742
12,109633316,rs4300440,2.08889,1.79205,1.48734,1.96448,0.020080819,0.002335831,0.002335831,0.584953281,0.6741,0.6301,0.6383,0.3204,0.5984,0.4857
12,121359586,rs4767941,2.10716,2.56621,0.0713091,0.374093,0.08620403,0.011410202,0.011410202,1.084254058,0.505146,0.0726,0.5403,0.4276,0.3847,0.4059
12,121476423,rs10774580,2.09941,2.55056,1.14275,0.388047,0.000230792,0.000169084,0.000169084,0.33264236,0.650086,0.3449,0.696,0.5813,0.6153,0.7638
12,125125778,rs2088229,2.14346,2.96734,1.829,1.22674,0.089392004,0.014601215,0.014601215,0.097343337,0.808748,0.4281,0.7089,0.7847,0.6889,0.7791
12,125125932,rs188025,2.12088,2.96387,1.81597,1.21865,0.070877423,0.014930455,0.014930455,0.077729787,0.810463,0.407,0.745,0.7847,0.7346,0.7924
12,125134746,rs4542507,2.60441,1.8136,0.872914,0.963292,0.032418117,0.12902606,0.12902606,0.017786182,0.450257,0.1558,0.3458,0.2222,0.3926,0.4847
13,21510900,rs4770084,2.08696,0.61166,1.69428,1.06716,0.024698888,0.286796905,0.286796905,2.72298192,0.883362,0.4486,0.8588,0.63,0.9463,0.7873
13,22652247,rs1323172,2.2907,0.545752,1.59306,0.716454,0.041836973,0.032691166,0.032691166,4.758104363,0.939966,0.379,0.9496,0.9931,0.995,0.911
13,46093829,rs2985980,2.2164,2.46771,1.64264,0.98183,0.004679571,0.008423483,0.008423483,2.160153191,0.818182,0.3094,0.8285,0.7808,0.7903,0.771
13,46098994,rs3014966,2.08722,2.64597,1.57971,0.974127,0.048030296,0.031028313,0.031028313,1.244782398,0.821612,0.4372,0.8141,0.7798,0.7356,0.7638
13,46103935,rs2274285,2.08722,2.64306,1.30232,0.974964,0.048030296,0.031028313,0.031028313,1.244782398,0.821612,0.4357,0.8156,0.7798,0.7356,0.7638
13,67967187,rs9541094,2.58325,1.64092,2.13399,0.879656,0.094821969,0.022830603,0.022830603,0.17175154,0.907376,0.5832,0.8775,0.9494,0.9274,0.9622
13,72026200,rs2325392,2.13137,0.435565,1.43413,1.05544,0.044321303,0.074995573,0.074995573,3.775839155,0.935678,0.4902,0.9337,0.9653,0.9911,0.9877
13,72510750,rs9542784,2.42423,0.850447,3.06154,1.52601,0.075405632,0.085305909,0.085305909,0.751112371,0.900515,0.5575,0.902,0.881,0.9205,0.9376
13,72598561,rs2810131,2.07084,1.16678,3.77584,0.876241,0.017338046,0.01141698,0.01141698,0.024413517,0.848199,0.6846,0.9049,0.8175,0.8748,0.8098
13,72599382,rs2706420,2.99974,1.19157,3.84992,0.906957,0.099938032,0.041599015,0.041599015,0.105165697,0.856775,0.5166,0.7651,0.8065,0.8042,0.7249
13,83226757,rs9318893,2.5273,2.21972,0.928946,1.28193,0.0391906,0.088057738,0.088057738,0.049234664,0.513722,0.2307,0.4741,0.3075,0.3936,0.4458
13,93831943,rs319561,2.71641,1.27094,1.99225,1.57041,0.014334627,0.010335176,0.010335176,0.067286019,0.771012,0.3533,0.621,0.6538,0.7535,0.7117
13,108360217,rs4113422,2.8572,0.971734,2.58156,2.5781,0.044667163,0.35757324,0.35757324,0.104774353,0.921955,0.705,0.8761,0.5813,0.9225,0.8722
13,108383142,rs3905064,2.54877,1.1667,1.73824,2.34662,0.031618348,0.276061214,0.276061214,2.060413976,0.839623,0.5045,0.804,0.5417,0.8439,0.726
13,108385281,rs7330529,2.35735,1.13221,1.68726,2.35115,0.012937164,0.302692787,0.302692787,1.288084857,0.858491,0.5703,0.8156,0.5427,0.8847,0.7393
14,63555491,rs2146940,3.21005,0.190642,0.854055,2.35009,0.009666945,0.103108399,0.103108399,1.501349536,0.567753,0.0696,0.5735,0.2946,0.6491,0.6759
14,63568154,rs1951805,2.85572,0.544667,1.0697,2.33543,0.009249899,0.012138311,0.012138311,3.794611277,0.614923,0.3684,0.6643,0.3264,0.5974,0.6329
14,63572267,rs10129357,2.27507,0.423661,1.46562,2.34692,0.029396973,0.108606359,0.108606359,0.811261443,0.886792,0.6293,0.8948,0.8016,0.8688,0.9407
14,63691272,rs10150375,3.1255,1.33123,3.90757,3.91383,0.047921437,0.288879367,0.288879367,0.76383306,0.921098,0.6074,0.902,0.7044,0.9105,0.9366
14,85548835,rs899760,2.15449,0.780032,1.21159,0.0107152,0.014405753,0.010547693,0.010547693,1.78963647,0.670669,0.2912,0.8026,0.6944,0.7406,0.6524
14,89430335,rs1885185,2.28178,1.54351,0.277519,0.409183,0.030350866,0.058974258,0.058974258,1.444887427,0.349057,0.1906,0.196,0.1935,0.2584,0.181
14,89433411,rs17702956,2.23569,1.37004,0.309065,0.433574,0.038450984,0.099924631,0.099924631,1.552399368,0.347341,0.0885,0.1873,0.1935,0.2584,0.181
14,100993962,rs4905969,2.4544,1.31834,2.02415,0.470633,0.027100072,0.132724217,0.132724217,4.268956647,0.932247,0.4569,0.9568,0.8929,0.998,0.9632
15,61892544,rs12899273,2.61411,0.293665,1.12111,0.368249,0.024869756,0.05033551,0.05033551,2.565007121,0.672384,0.2209,0.7795,0.8413,0.7475,0.6268
15,61901612,rs11634723,2.43808,0.416341,0.863231,0.385413,0.021251895,0.052748988,0.052748988,3.011978668,0.66295,0.2088,0.7723,0.8105,0.7147,0.5992
15,68615873,rs1516869,2.71978,1.3795,1.40092,1.02496,0.004545743,0.02908969,0.02908969,0.0994566,0.727273,0.208,0.8141,0.7986,0.7803,0.7945
15,68626542,rs964691,2.52691,2.45267,1.18968,0.989791,0.004079193,0.017985676,0.017985676,0.533773908,0.746141,0.2209,0.817,0.8016,0.7922,0.7853
15,68628143,rs2306023,2.32478,2.46435,1.66401,1.00272,0.003389453,0.014471597,0.014471597,0.367874256,0.746141,0.2322,0.817,0.7956,0.7913,0.7802
15,70951141,rs7174472,2.33551,1.01902,2.36784,0.809713,0.005136762,0.071408886,0.071408886,0.071865347,0.75729,0.4123,0.817,0.5367,0.7704,0.6524
15,70960068,rs934005,2.2431,1.03716,2.27595,0.808867,0.000207611,0.016022377,0.016022377,0.479302161,0.745283,0.3177,0.7392,0.5327,0.7634,0.6391
15,72613485,rs11072355,2.07345,0.0168354,2.93423,0.0432431,0.004918932,0.131358139,0.131358139,3.420827257,0.924528,0.6619,0.9582,0.7946,0.9702,0.955
15,73235674,rs1823338,2.08859,0.19248,2.0341,1.02771,0.002395932,0.022866698,0.022866698,2.443803712,0.648371,0.4191,0.585,0.5466,0.6521,0.5736
15,73259994,rs921261,2.13237,0.188469,2.2405,1.00401,0.009254846,0.043788338,0.043788338,1.764184459,0.658662,0.5098,0.5951,0.5397,0.6521,0.591
15,95782720,rs7166820,2.79215,1.5858,2.65361,1.05541,0.005984726,0.002882214,0.002882214,0.571151121,0.636364,0.4546,0.621,0.6806,0.5775,0.5491
15,97251036,rs4567667,2.00988,1.44694,0.288718,0.62781,0.007902681,0.088745113,0.088745113,0.172517742,0.832762,0.5537,0.8732,0.6925,0.8549,0.7597
15,99656047,rs1965866,2.39131,2.09535,1.09838,0.805999,0.042495957,0.03718951,0.03718951,4.380546417,0.505146,0.233,0.402,0.3532,0.4026,0.3599
15,99663230,rs7162579,2.50769,2.28477,1.29388,0.880642,0.036448885,0.043327823,0.043327823,5.009207906,0.5,0.2935,0.4035,0.3591,0.4076,0.3558
15,99688194,rs12591477,2.89274,2.13888,2.07832,1.2444,0.00635141,0.031969273,0.031969273,5.708948695,0.495712,0.1861,0.4236,0.3621,0.4364,0.3528
15,99739889,rs1377267,2.381,2.04518,1.692,1.30531,0.008860524,0.043648188,0.043648188,4.945711142,0.507719,0.2602,0.3617,0.3363,0.4394,0.3436
16,1873087,rs104843,2.63716,0.171902,2.35871,2.35101,0.000734255,0.0015808,0.0015808,2.581562966,0.602058,0.556,0.6441,0.5208,0.6083,0.4499
16,1901211,rs7200137,2.70715,0.215397,2.76573,2.2809,0.000415109,0.002943256,0.002943256,2.73196651,0.601201,0.5567,0.6427,0.4722,0.6173,0.3231
16,1908451,rs2437744,2.01546,0.242948,2.28557,2.29481,0.0033406,0.01397782,0.01397782,0.686179268,0.71012,0.6445,0.6758,0.5833,0.6948,0.6442
16,7806373,rs12445359,2.9533,0.107106,2.2539,1.07337,0.033277737,0.030639586,0.030639586,0.650179921,0.5506,0.1241,0.5778,0.3611,0.5974,0.5777
16,63096818,rs8063250,2.89597,1.17278,0.862917,0.486846,0.001518984,0.034238586,0.034238586,0.203388951,0.500858,0.1997,0.6037,0.4167,0.5338,0.407
16,63119549,rs1510213,2.53889,0.947711,0.653034,0.503972,0.019263675,0.020635036,0.020635036,0.24944066,0.523156,0.2209,0.6369,0.4137,0.6133,0.4427
16,80146783,rs4889102,2.56453,0.935867,2.43904,1.39011,0.0140885,0.10456011,0.10456011,0.017841163,0.795026,0.4486,0.8242,0.5942,0.7773,0.6268
16,81070697,rs2602431,3.69193,0.996906,1.74715,1.12751,0.025379275,0.076605666,0.076605666,0.01890648,0.849057,0.385,0.8199,0.7153,0.8688,0.8763
16,81074800,rs2970077,2.70245,0.852138,1.85874,1.06057,0.053921668,0.005691666,0.005691666,0.014169771,0.892796,0.4259,0.9265,0.9196,0.9066,0.9816
16,81079641,rs13185,3.63798,0.840232,1.8112,1.09122,0.011049456,0.078895277,0.078895277,0.052670899,0.854202,0.3752,0.8256,0.7202,0.8847,0.8804
16,81091257,rs2911158,3.34165,0.866079,1.95802,1.09727,0.028384559,0.13140565,0.13140565,0.022662858,0.880789,0.3797,0.8516,0.7232,0.8956,0.911
16,81122861,rs8043855,2.7503,0.681195,1.0234,0.95123,0.052329153,0.01702085,0.01702085,0.1299153,0.901372,0.5318,0.9323,0.9167,0.9016,0.9785
17,53830710,rs2912547,2.67929,0.311468,1.48965,0.822682,0.045936413,0.124862566,0.124862566,1.280412951,0.681818,0.0749,0.7017,0.8571,0.8042,0.8016
17,53840694,rs2332513,2.98551,0.280183,1.70545,0.835274,0.050211614,0.109547297,0.109547297,1.059601324,0.685249,0.1195,0.7017,0.8552,0.8022,0.8027
17,53842322,rs2960070,3.06644,0.280288,1.6982,0.835324,0.045956243,0.124882146,0.124882146,1.230153101,0.681818,0.0749,0.696,0.8571,0.8022,0.8027
17,53846348,rs2960067,3.06644,0.280288,1.6982,0.835324,0.045956243,0.124882146,0.124882146,1.230153101,0.681818,0.0749,0.696,0.8571,0.8022,0.8027
17,53852111,rs2960061,2.581,0.336912,1.82828,0.840554,0.036107114,0.052159095,0.052159095,0.689203724,0.750429,0.1573,0.7867,0.9276,0.8569,0.8231
17,53854141,rs2303506,3.03094,0.33188,1.77125,0.834432,0.038946519,0.128068274,0.128068274,1.400781558,0.67753,0.0696,0.6916,0.8571,0.8012,0.7996
17,62400000,rs1050382,2.41845,1.93425,1.74841,0.213927,0.01941404,0.010288362,0.010288362,2.337865839,0.690395,0.3472,0.6599,0.6845,0.5825,0.6094
17,62401118,rs2812,2.43434,1.97934,1.50654,0.193543,0.015093281,0.005312966,0.005312966,2.738567861,0.678388,0.3449,0.6412,0.6865,0.5626,0.6022
17,70968440,rs4968999,2.19308,0.889998,1.48297,1.83627,0.046791709,0.087004354,0.087004354,0.933410921,0.907376,0.5915,0.9294,0.9077,0.9056,0.9376
17,71010890,rs9911924,2.33647,0.693408,2.0816,1.10835,0.03057199,0.044641941,0.044641941,0.911751039,0.903087,0.4092,0.8271,0.8611,0.9175,0.9039
17,71018801,rs8069244,2.1913,0.700592,2.20821,1.12074,0.062880131,0.088963902,0.088963902,0.140160005,0.919383,0.6036,0.8631,0.8413,0.9195,0.8609
17,71019305,rs4290532,2.31018,0.665645,2.24148,1.10349,0.051081593,0.075936589,0.075936589,0.940013515,0.915094,0.6225,0.866,0.8413,0.9195,0.8599
17,77438911,rs8076334,2.13743,0.764843,0.296961,0.265804,0.013548308,0.035516556,0.035516556,2.153528887,0.535163,0.3389,0.2824,0.2788,0.4215,0.4029
18,10302548,rs206457,2.51061,0.00924369,1.24003,1.37794,0.013486894,0.019590323,0.019590323,1.302801018,0.493139,0.2118,0.4222,0.4256,0.5229,0.3814
18,20461282,rs3863524,2.08203,1.14736,2.62243,1.67162,0.101418655,0.224156179,0.224156179,0.442801412,0.843053,0.6331,0.6729,0.5298,0.7734,0.7301
18,20621714,rs6417086,2.17418,1.70978,2.192,2.13571,0.106312333,0.223542034,0.223542034,0.322529063,0.842196,0.6059,0.6585,0.5089,0.7674,0.6994
18,23548832,rs651871,2.16466,0.431697,1.7161,0.222349,0.022646419,0.067273175,0.067273175,0.694436166,0.879931,0.5726,0.7349,0.8472,0.8966,0.8804
18,26678619,rs1819942,2.44006,0.490143,2.13481,1.95512,0.012302967,0.049495693,0.049495693,3.005839178,0.722127,0.4123,0.6383,0.5585,0.673,0.5951
18,26719357,rs12605558,2.98868,0.936364,2.81303,1.85617,0.011084566,0.022377416,0.022377416,2.331645262,0.687822,0.3714,0.5303,0.496,0.6083,0.5429
18,36946848,rs1367840,2.05831,0.937717,0.668021,1.06724,0.006526702,0.019757755,0.019757755,0.004583642,0.507719,0.4372,0.4986,0.4067,0.4632,0.4294
18,71232469,rs4892113,2.01686,2.9331,0.161534,1.11505,0.000508097,0.00309814,0.00309814,0.172554941,0.586621,0.5688,0.6052,0.498,0.4523,0.4499
19,11358440,rs2116877,2.78465,0.783406,2.93429,2.63178,0.112753259,0.072193772,0.072193772,0.755954984,0.898799,0.6074,0.9352,0.9266,0.8976,0.9192
19,11536649,rs34103,2.02781,0.239959,2.21572,1.18918,0.040058656,0.067406052,0.067406052,0.845077699,0.911664,0.5492,0.9496,0.873,0.9493,0.954
19,16591464,rs9305079,2.98992,2.20759,2.56408,0.989631,0.058965193,0.054292948,0.054292948,0.366131757,0.75729,0.5318,0.7493,0.628,0.6829,0.7311
19,16601154,rs3810196,2.78075,2.25289,2.68312,1.0137,0.050111124,0.066223377,0.066223377,0.350858715,0.745283,0.4637,0.6095,0.5972,0.671,0.7229
19,16601194,rs3810198,3.00385,2.23142,2.6177,0.999263,0.045622756,0.043966498,0.043966498,0.40853259,0.756432,0.5673,0.7493,0.627,0.6789,0.7311
19,18964442,rs2238655,2.60904,1.97156,0.215862,1.02437,0.034686576,0.114511062,0.114511062,0.01026138,0.451115,0.2481,0.5144,0.1687,0.3946,0.2106
19,29600569,rs4804862,2.41215,0.117645,0.552586,1.73324,0.006916398,0.051028895,0.051028895,0.101934999,0.38422,0.1089,0.2363,0.3512,0.3797,0.3722
19,49166875,rs371690,2.39767,0.104019,1.77566,1.41544,0.002658484,0.013464542,0.013464542,0.661440801,0.723842,0.3419,0.4611,0.5615,0.6382,0.68
20,13835998,rs4814267,2.23121,1.45659,0.363136,0.901442,0.05828962,0.054114603,0.054114603,0.098597825,0.33705,0.0908,0.1542,0.2827,0.2147,0.3221
20,21375826,rs6035868,3.67475,0.764811,2.84685,2.86909,0.024956348,0.037602363,0.037602363,0.059223736,0.681818,0.4826,0.5951,0.5794,0.5855,0.6268
20,48383684,rs651195,2.05959,0.189835,1.12959,1.94333,0.013272954,0.053325563,0.053325563,0.930410557,0.548027,0.2194,0.353,0.3085,0.5626,0.5481
20,49324381,rs868846,2.29942,2.52672,2.65932,0.571834,0.058555075,0.032358788,0.032358788,0.011568359,0.846484,0.5809,0.8213,0.8274,0.8012,0.7556
20,49367076,rs6020721,2.50387,3.4461,1.96667,0.0751515,0.10263592,0.067219295,0.067219295,5.263892224,0.522298,0.1293,0.4611,0.6597,0.339,0.5072
20,54696043,rs13037836,2.79187,1.13915,2.42396,1.649,0.006525058,0.06325798,0.06325798,1.231022599,0.772727,0.348,0.7752,0.5377,0.7624,0.7014
20,54699432,rs989066,2.8039,1.1411,2.66557,1.64738,0.019867877,0.090386615,0.090386615,0.053442322,0.807033,0.6793,0.8098,0.5407,0.7634,0.6994
21,21168899,rs467644,2.15637,0.897425,0.778387,1.27033,0.03258858,0.161359801,0.161359801,0.644082937,0.853345,0.4418,0.8674,0.7083,0.8847,0.8579
21,26605567,rs8131339,2.39049,1.32031,2.36892,1.16463,0.026577502,0.03810016,0.03810016,0.658000677,0.855918,0.5106,0.9251,0.8512,0.9175,0.7965
21,30239378,rs4817258,2.50881,0.599804,2.01769,1.03316,0.007801749,0.175222675,0.175222675,3.095411693,0.546312,0.1188,0.4467,0.1766,0.5855,0.5481
21,30244170,rs8134005,2.49699,0.597831,2.15864,1.05554,0.0211038,0.103122126,0.103122126,3.433779012,0.5506,0.1589,0.451,0.252,0.5865,0.5491
21,30527999,rs2251087,2.71473,1.13097,0.732633,0.713863,0.016857767,0.1351483,0.1351483,1.297424467,0.388508,0.1089,0.3098,0.1339,0.339,0.3088
21,30848368,rs914136,2.09244,0.558023,1.68419,1.19165,0.068110796,0.214300483,0.214300483,1.441072376,0.931389,0.4266,0.9049,0.8234,0.9692,0.9632
21,30848392,rs2832341,2.11958,0.555571,1.6832,1.1924,0.068110796,0.208062253,0.208062253,1.906823675,0.931389,0.4387,0.9078,0.8393,0.9692,0.9632
21,30861858,rs2211779,2.23996,0.541582,1.97465,1.24978,0.084901556,0.243638657,0.243638657,1.451064564,0.931389,0.4667,0.9092,0.8244,0.9692,0.9632
21,30865282,rs980007,2.24175,0.537841,2.45425,1.24804,0.06897138,0.214980562,0.214980562,1.664812721,0.932247,0.4614,0.9078,0.8244,0.9692,0.9632
22,31917415,rs4820980,2.55525,0.607554,0.135548,1.22669,0.010118616,0.077042329,0.077042329,1.569525327,0.728988,0.5121,0.6744,0.5972,0.7376,0.5869
22,35724659,rs138785,2.0243,0.132122,0.762504,2.37495,0.007842074,0.045269464,0.045269464,0.866738124,0.575472,0.3215,0.5144,0.248,0.6421,0.5757
22,37093433,rs4141439,2.67798,0.134734,1.30556,0.484523,0.034483478,0.031868007,0.031868007,0.040611043,0.692967,0.1778,0.621,0.7927,0.7624,0.7178
22,47182944,rs5769152,2.8544,1.42873,2.24734,0.832795,0.005207625,0.011913807,0.011913807,0.631881167,0.696398,0.3926,0.5749,0.6171,0.6064,0.5368
22,47198112,rs710121,2.56174,1.08869,2.41932,0.827664,0.006338347,0.014243894,0.014243894,0.01265766,0.732419,0.6762,0.6383,0.626,0.6421,0.5583
22,47200891,rs6007968,2.9181,1.09242,2.47563,0.839805,0.009825811,0.030486285,0.030486285,0.034626159,0.711835,0.4539,0.611,0.619,0.6312,0.6084